Metric,Value
design__lint_error__count,0
design__lint_timing_construct__count,0
design__lint_warning__count,28
design__inferred_latch__count,0
design__instance__count,82395
design__instance__area,3.43004E+6
design__instance_unmapped__count,0
synthesis__check_error__count,0
design__max_slew_violation__count__corner:nom_tt_025C_5v00,24
design__max_fanout_violation__count__corner:nom_tt_025C_5v00,5
design__max_cap_violation__count__corner:nom_tt_025C_5v00,0
power__internal__total,0.18073433637619019
power__switching__total,0.08680597692728043
power__leakage__total,0.000015432156942551956
power__total,0.26755574345588684
clock__skew__worst_hold__corner:nom_tt_025C_5v00,-1.1767571694596732
clock__skew__worst_setup__corner:nom_tt_025C_5v00,1.198711830392556
timing__hold__ws__corner:nom_tt_025C_5v00,1.0590808529932558
timing__setup__ws__corner:nom_tt_025C_5v00,20.51345640303939
timing__hold__tns__corner:nom_tt_025C_5v00,0.0
timing__setup__tns__corner:nom_tt_025C_5v00,0.0
timing__hold__wns__corner:nom_tt_025C_5v00,0
timing__setup__wns__corner:nom_tt_025C_5v00,0.0
timing__hold_vio__count__corner:nom_tt_025C_5v00,0
timing__hold_r2r__ws__corner:nom_tt_025C_5v00,1.059081
timing__hold_r2r_vio__count__corner:nom_tt_025C_5v00,0
timing__setup_vio__count__corner:nom_tt_025C_5v00,0
timing__setup_r2r__ws__corner:nom_tt_025C_5v00,20.513456
timing__setup_r2r_vio__count__corner:nom_tt_025C_5v00,0
design__max_slew_violation__count__corner:nom_ss_125C_4v50,775
design__max_fanout_violation__count__corner:nom_ss_125C_4v50,5
design__max_cap_violation__count__corner:nom_ss_125C_4v50,0
clock__skew__worst_hold__corner:nom_ss_125C_4v50,-1.5050840999516053
clock__skew__worst_setup__corner:nom_ss_125C_4v50,1.536046888716459
timing__hold__ws__corner:nom_ss_125C_4v50,2.4198927990821564
timing__setup__ws__corner:nom_ss_125C_4v50,5.302219258173379
timing__hold__tns__corner:nom_ss_125C_4v50,0.0
timing__setup__tns__corner:nom_ss_125C_4v50,0.0
timing__hold__wns__corner:nom_ss_125C_4v50,0
timing__setup__wns__corner:nom_ss_125C_4v50,0.0
timing__hold_vio__count__corner:nom_ss_125C_4v50,0
timing__hold_r2r__ws__corner:nom_ss_125C_4v50,2.419893
timing__hold_r2r_vio__count__corner:nom_ss_125C_4v50,0
timing__setup_vio__count__corner:nom_ss_125C_4v50,0
timing__setup_r2r__ws__corner:nom_ss_125C_4v50,5.302219
timing__setup_r2r_vio__count__corner:nom_ss_125C_4v50,0
design__max_slew_violation__count__corner:nom_ff_n40C_5v50,10
design__max_fanout_violation__count__corner:nom_ff_n40C_5v50,5
design__max_cap_violation__count__corner:nom_ff_n40C_5v50,0
clock__skew__worst_hold__corner:nom_ff_n40C_5v50,-1.0245420357649475
clock__skew__worst_setup__corner:nom_ff_n40C_5v50,1.0425913760759589
timing__hold__ws__corner:nom_ff_n40C_5v50,0.4009490630772119
timing__setup__ws__corner:nom_ff_n40C_5v50,27.242225246716544
timing__hold__tns__corner:nom_ff_n40C_5v50,0.0
timing__setup__tns__corner:nom_ff_n40C_5v50,0.0
timing__hold__wns__corner:nom_ff_n40C_5v50,0
timing__setup__wns__corner:nom_ff_n40C_5v50,0.0
timing__hold_vio__count__corner:nom_ff_n40C_5v50,0
timing__hold_r2r__ws__corner:nom_ff_n40C_5v50,0.400949
timing__hold_r2r_vio__count__corner:nom_ff_n40C_5v50,0
timing__setup_vio__count__corner:nom_ff_n40C_5v50,0
timing__setup_r2r__ws__corner:nom_ff_n40C_5v50,27.242226
timing__setup_r2r_vio__count__corner:nom_ff_n40C_5v50,0
design__max_slew_violation__count,1385
design__max_fanout_violation__count,5
design__max_cap_violation__count,0
clock__skew__worst_hold,-0.9903904643385807
clock__skew__worst_setup,1.0066987528531344
timing__hold__ws,0.3286560006057377
timing__setup__ws,3.6788599874389365
timing__hold__tns,0.0
timing__setup__tns,0.0
timing__hold__wns,0
timing__setup__wns,0.0
timing__hold_vio__count,0
timing__hold_r2r__ws,0.328656
timing__hold_r2r_vio__count,0
timing__setup_vio__count,0
timing__setup_r2r__ws,3.678860
timing__setup_r2r_vio__count,0
design__die__bbox,0.0 0.0 2343.3 1679.76
design__core__bbox,40.32 43.12 2303.28 1638.56
design__io,236
design__die__area,3.93618E+6
design__core__area,3.61042E+6
design__instance__count__stdcell,34444
design__instance__area__stdcell,686667
design__instance__count__macros,10
design__instance__area__macros,1.96963E+6
design__instance__count__padcells,0
design__instance__area__padcells,0
design__instance__count__cover,0
design__instance__area__cover,0
design__instance__utilization,0.735731
design__instance__utilization__stdcell,0.418498
design__rows,666
design__rows:GF018hv5v_mcu_sc7,666
design__sites,665274
design__sites:GF018hv5v_mcu_sc7,665274
design__instance__count__class:macro,10
design__instance__area__class:macro,1.96963E+6
design__instance__count__class:tie_cell,3
design__instance__area__class:tie_cell,26.3424
design__instance__count__class:inverter,449
design__instance__area__class:inverter,4109.41
design__instance__count__class:sequential_cell,1627
design__instance__area__class:sequential_cell,116732
design__instance__count__class:multi_input_combinational_cell,11380
design__instance__area__class:multi_input_combinational_cell,258810
flow__warnings__count,1
flow__errors__count,0
flow__warnings__count:IFP-0028,1
flow__warnings__count:ODB-0220,18
flow__warnings__type_count,1
flow__warnings__count:ORD-0039,1
design__instance__count__class:endcap_cell,1332
design__instance__area__class:endcap_cell,5848.01
design__instance__count__class:tap_cell,9626
design__instance__area__class:tap_cell,42262
flow__warnings__count:PDN-0110,20
design__power_grid_violation__count__net:VSS,0
design__power_grid_violation__count__net:VDD,0
design__power_grid_violation__count,0
flow__warnings__count:GRT-0281,2
design__max_slew_violation__count__corner:max_ss_125C_4v50,1385
design__max_fanout_violation__count__corner:max_ss_125C_4v50,5
design__max_cap_violation__count__corner:max_ss_125C_4v50,0
clock__skew__worst_hold__corner:max_ss_125C_4v50,-1.5995161203832624
clock__skew__worst_setup__corner:max_ss_125C_4v50,1.6330275371955254
timing__hold__ws__corner:max_ss_125C_4v50,2.5960399009725443
timing__setup__ws__corner:max_ss_125C_4v50,3.6788599874389365
timing__hold__tns__corner:max_ss_125C_4v50,0.0
timing__setup__tns__corner:max_ss_125C_4v50,0.0
timing__hold__wns__corner:max_ss_125C_4v50,0
timing__setup__wns__corner:max_ss_125C_4v50,0.0
timing__hold_vio__count__corner:max_ss_125C_4v50,0
timing__hold_r2r__ws__corner:max_ss_125C_4v50,2.596040
timing__hold_r2r_vio__count__corner:max_ss_125C_4v50,0
timing__setup_vio__count__corner:max_ss_125C_4v50,0
timing__setup_r2r__ws__corner:max_ss_125C_4v50,3.678860
timing__setup_r2r_vio__count__corner:max_ss_125C_4v50,0
timing__drv__floating__nets,2
timing__drv__floating__pins,0
design__instance__displacement__total,57361.3
design__instance__displacement__mean,1.668
design__instance__displacement__max,255.193
route__wirelength__estimated,1.82685E+6
design__violations,0
design__instance__count__class:timing_repair_buffer,9684
design__instance__area__class:timing_repair_buffer,238838
flow__warnings__count:RSZ-0020,1
flow__warnings__count:STA-1140,24
design__instance__count__class:clock_buffer,204
design__instance__area__class:clock_buffer,18097.2
design__instance__count__class:clock_inverter,70
design__instance__area__class:clock_inverter,1642.01
design__instance__count__setup_buffer,28
design__instance__count__hold_buffer,60
flow__warnings__count:RSZ-0062,1
flow__warnings__count:RSZ-0064,1
global_route__vias,74
global_route__wirelength,2483544
antenna__violating__nets,0
antenna__violating__pins,0
route__antenna_violation__count,0
antenna_diodes_count,37
design__instance__count__class:antenna_cell,69
design__instance__area__class:antenna_cell,302.938
route__net,23500
route__net__special,2
route__drc_errors__iter:0,18
route__wirelength__iter:0,1978344
route__drc_errors__iter:1,3
route__wirelength__iter:1,1978310
route__drc_errors__iter:2,0
route__wirelength__iter:2,1978305
route__drc_errors__iter:3,1
route__wirelength__iter:3,1978297
route__drc_errors__iter:4,1
route__wirelength__iter:4,1978297
route__drc_errors__iter:5,0
route__wirelength__iter:5,1978297
route__drc_errors__iter:6,6
route__wirelength__iter:6,1978033
route__drc_errors__iter:7,0
route__wirelength__iter:7,1978073
route__drc_errors,0
route__wirelength,1978305
route__vias,155804
route__vias__singlecut,155804
route__vias__multicut,0
flow__warnings__count:DRT-0349,8
flow__warnings__count:GRT-0243,1
design__disconnected_pin__count,0
design__critical_disconnected_pin__count,0
route__wirelength__max,2890.07
design__instance__count__class:fill_cell,47941
design__instance__area__class:fill_cell,773742
timing__unannotated_net__count__corner:nom_tt_025C_5v00,94
timing__unannotated_net_filtered__count__corner:nom_tt_025C_5v00,0
timing__unannotated_net__count__corner:nom_ss_125C_4v50,94
timing__unannotated_net_filtered__count__corner:nom_ss_125C_4v50,0
timing__unannotated_net__count__corner:nom_ff_n40C_5v50,94
timing__unannotated_net_filtered__count__corner:nom_ff_n40C_5v50,0
design__max_slew_violation__count__corner:min_tt_025C_5v00,12
design__max_fanout_violation__count__corner:min_tt_025C_5v00,5
design__max_cap_violation__count__corner:min_tt_025C_5v00,0
clock__skew__worst_hold__corner:min_tt_025C_5v00,-1.1283996278976405
clock__skew__worst_setup__corner:min_tt_025C_5v00,1.1486034670711727
timing__hold__ws__corner:min_tt_025C_5v00,0.8957572714891722
timing__setup__ws__corner:min_tt_025C_5v00,21.28346448213257
timing__hold__tns__corner:min_tt_025C_5v00,0.0
timing__setup__tns__corner:min_tt_025C_5v00,0.0
timing__hold__wns__corner:min_tt_025C_5v00,0
timing__setup__wns__corner:min_tt_025C_5v00,0.0
timing__hold_vio__count__corner:min_tt_025C_5v00,0
timing__hold_r2r__ws__corner:min_tt_025C_5v00,0.895757
timing__hold_r2r_vio__count__corner:min_tt_025C_5v00,0
timing__setup_vio__count__corner:min_tt_025C_5v00,0
timing__setup_r2r__ws__corner:min_tt_025C_5v00,21.283464
timing__setup_r2r_vio__count__corner:min_tt_025C_5v00,0
timing__unannotated_net__count__corner:min_tt_025C_5v00,94
timing__unannotated_net_filtered__count__corner:min_tt_025C_5v00,0
design__max_slew_violation__count__corner:min_ss_125C_4v50,499
design__max_fanout_violation__count__corner:min_ss_125C_4v50,5
design__max_cap_violation__count__corner:min_ss_125C_4v50,0
clock__skew__worst_hold__corner:min_ss_125C_4v50,-1.5025012770340702
clock__skew__worst_setup__corner:min_ss_125C_4v50,1.454058692385946
timing__hold__ws__corner:min_ss_125C_4v50,2.1237385784415332
timing__setup__ws__corner:min_ss_125C_4v50,6.6274347885508025
timing__hold__tns__corner:min_ss_125C_4v50,0.0
timing__setup__tns__corner:min_ss_125C_4v50,0.0
timing__hold__wns__corner:min_ss_125C_4v50,0
timing__setup__wns__corner:min_ss_125C_4v50,0.0
timing__hold_vio__count__corner:min_ss_125C_4v50,0
timing__hold_r2r__ws__corner:min_ss_125C_4v50,2.123739
timing__hold_r2r_vio__count__corner:min_ss_125C_4v50,0
timing__setup_vio__count__corner:min_ss_125C_4v50,0
timing__setup_r2r__ws__corner:min_ss_125C_4v50,6.627435
timing__setup_r2r_vio__count__corner:min_ss_125C_4v50,0
timing__unannotated_net__count__corner:min_ss_125C_4v50,94
timing__unannotated_net_filtered__count__corner:min_ss_125C_4v50,0
design__max_slew_violation__count__corner:min_ff_n40C_5v50,10
design__max_fanout_violation__count__corner:min_ff_n40C_5v50,5
design__max_cap_violation__count__corner:min_ff_n40C_5v50,0
clock__skew__worst_hold__corner:min_ff_n40C_5v50,-0.9903904643385807
clock__skew__worst_setup__corner:min_ff_n40C_5v50,1.0066987528531344
timing__hold__ws__corner:min_ff_n40C_5v50,0.3286560006057377
timing__setup__ws__corner:min_ff_n40C_5v50,27.751441041771145
timing__hold__tns__corner:min_ff_n40C_5v50,0.0
timing__setup__tns__corner:min_ff_n40C_5v50,0.0
timing__hold__wns__corner:min_ff_n40C_5v50,0
timing__setup__wns__corner:min_ff_n40C_5v50,0.0
timing__hold_vio__count__corner:min_ff_n40C_5v50,0
timing__hold_r2r__ws__corner:min_ff_n40C_5v50,0.328656
timing__hold_r2r_vio__count__corner:min_ff_n40C_5v50,0
timing__setup_vio__count__corner:min_ff_n40C_5v50,0
timing__setup_r2r__ws__corner:min_ff_n40C_5v50,27.751442
timing__setup_r2r_vio__count__corner:min_ff_n40C_5v50,0
timing__unannotated_net__count__corner:min_ff_n40C_5v50,94
timing__unannotated_net_filtered__count__corner:min_ff_n40C_5v50,0
design__max_slew_violation__count__corner:max_tt_025C_5v00,31
design__max_fanout_violation__count__corner:max_tt_025C_5v00,5
design__max_cap_violation__count__corner:max_tt_025C_5v00,0
clock__skew__worst_hold__corner:max_tt_025C_5v00,-1.233960302198275
clock__skew__worst_setup__corner:max_tt_025C_5v00,1.2582808484635457
timing__hold__ws__corner:max_tt_025C_5v00,1.1211427659142426
timing__setup__ws__corner:max_tt_025C_5v00,19.576744335281145
timing__hold__tns__corner:max_tt_025C_5v00,0.0
timing__setup__tns__corner:max_tt_025C_5v00,0.0
timing__hold__wns__corner:max_tt_025C_5v00,0
timing__setup__wns__corner:max_tt_025C_5v00,0.0
timing__hold_vio__count__corner:max_tt_025C_5v00,0
timing__hold_r2r__ws__corner:max_tt_025C_5v00,1.121143
timing__hold_r2r_vio__count__corner:max_tt_025C_5v00,0
timing__setup_vio__count__corner:max_tt_025C_5v00,0
timing__setup_r2r__ws__corner:max_tt_025C_5v00,19.576744
timing__setup_r2r_vio__count__corner:max_tt_025C_5v00,0
timing__unannotated_net__count__corner:max_tt_025C_5v00,94
timing__unannotated_net_filtered__count__corner:max_tt_025C_5v00,0
timing__unannotated_net__count__corner:max_ss_125C_4v50,94
timing__unannotated_net_filtered__count__corner:max_ss_125C_4v50,0
design__max_slew_violation__count__corner:max_ff_n40C_5v50,10
design__max_fanout_violation__count__corner:max_ff_n40C_5v50,5
design__max_cap_violation__count__corner:max_ff_n40C_5v50,0
clock__skew__worst_hold__corner:max_ff_n40C_5v50,-1.0654482042641669
clock__skew__worst_setup__corner:max_ff_n40C_5v50,1.0857606232525783
timing__hold__ws__corner:max_ff_n40C_5v50,0.45673244257176954
timing__setup__ws__corner:max_ff_n40C_5v50,26.629270209307023
timing__hold__tns__corner:max_ff_n40C_5v50,0.0
timing__setup__tns__corner:max_ff_n40C_5v50,0.0
timing__hold__wns__corner:max_ff_n40C_5v50,0
timing__setup__wns__corner:max_ff_n40C_5v50,0.0
timing__hold_vio__count__corner:max_ff_n40C_5v50,0
timing__hold_r2r__ws__corner:max_ff_n40C_5v50,0.456732
timing__hold_r2r_vio__count__corner:max_ff_n40C_5v50,0
timing__setup_vio__count__corner:max_ff_n40C_5v50,0
timing__setup_r2r__ws__corner:max_ff_n40C_5v50,26.629271
timing__setup_r2r_vio__count__corner:max_ff_n40C_5v50,0
timing__unannotated_net__count__corner:max_ff_n40C_5v50,94
timing__unannotated_net_filtered__count__corner:max_ff_n40C_5v50,0
timing__unannotated_net__count,94
timing__unannotated_net_filtered__count,0
design_powergrid__voltage__worst__net:VDD__corner:max_ss_125C_4v50,4.49923
design_powergrid__drop__average__net:VDD__corner:max_ss_125C_4v50,4.49992
design_powergrid__drop__worst__net:VDD__corner:max_ss_125C_4v50,0.000773294
design_powergrid__voltage__worst__net:VSS__corner:max_ss_125C_4v50,0.000715988
design_powergrid__drop__average__net:VSS__corner:max_ss_125C_4v50,0.0000809956
design_powergrid__drop__worst__net:VSS__corner:max_ss_125C_4v50,0.000715988
design_powergrid__voltage__worst,0.000715988
design_powergrid__voltage__worst__net:VDD,4.49923
design_powergrid__drop__worst,0.000773294
design_powergrid__drop__worst__net:VDD,0.000773294
design_powergrid__voltage__worst__net:VSS,0.000715988
design_powergrid__drop__worst__net:VSS,0.000715988
ir__voltage__worst,4.5
ir__drop__avg,0.000082000000000000000948026379621325077096116729080677032470703125
ir__drop__worst,0.00077300000000000003257116798494053000467829406261444091796875
design__xor_difference__count,0
klayout__drc_error__count,0
magic__illegal_overlap__count,0
design__lvs_device_difference__count,0
design__lvs_net_difference__count,0
design__lvs_property_fail__count,0
design__lvs_error__count,0
design__lvs_unmatched_device__count,0
design__lvs_unmatched_net__count,0
design__lvs_unmatched_pin__count,0
